business_name,business_number,business_page_uri
Overbuilt Customs,(904) 993-5670,https://maps.google.com/?cid=2814239576828696535&g_mp=Cidnb29nbGUubWFwcy5wbGFjZXMudjEuUGxhY2VzLlNlYXJjaFRleHQQAhgEIAA
Twins Customs Tint & Vinyl,(904) 719-1240,https://maps.google.com/?cid=10087082533046204302&g_mp=Cidnb29nbGUubWFwcy5wbGFjZXMudjEuUGxhY2VzLlNlYXJjaFRleHQQAhgEIAA
Xclusive Customz,(904) 894-4253,https://maps.google.com/?cid=14884408402494368846&g_mp=Cidnb29nbGUubWFwcy5wbGFjZXMudjEuUGxhY2VzLlNlYXJjaFRleHQQAhgEIAA
Malihini Customs,(904) 537-4807,https://maps.google.com/?cid=6741355324320095056&g_mp=Cidnb29nbGUubWFwcy5wbGFjZXMudjEuUGxhY2VzLlNlYXJjaFRleHQQAhgEIAA
Elite Custom Body & Sales,(904) 725-9333,https://maps.google.com/?cid=12119693390786770208&g_mp=Cidnb29nbGUubWFwcy5wbGFjZXMudjEuUGxhY2VzLlNlYXJjaFRleHQQAhgEIAA
Elite Custom Body & Paint,(904) 759-4155,https://maps.google.com/?cid=11669161701974543877&g_mp=Cidnb29nbGUubWFwcy5wbGFjZXMudjEuUGxhY2VzLlNlYXJjaFRleHQQAhgEIAA
Collision Custom Auto Body,(904) 704-8441,https://maps.google.com/?cid=13029478707619962802&g_mp=Cidnb29nbGUubWFwcy5wbGFjZXMudjEuUGxhY2VzLlNlYXJjaFRleHQQAhgEIAA
Jax Custom & Street Rod Shop,(904) 783-6851,https://maps.google.com/?cid=2718760880340383718&g_mp=Cidnb29nbGUubWFwcy5wbGFjZXMudjEuUGxhY2VzLlNlYXJjaFRleHQQAhgEIAA
Duval Customz,(904) 612-5438,https://maps.google.com/?cid=12759598339999417&g_mp=Cidnb29nbGUubWFwcy5wbGFjZXMudjEuUGxhY2VzLlNlYXJjaFRleHQQAhgEIAA
LB-INNOVATIONS,(904) 674-4489,https://maps.google.com/?cid=7937906671733813913&g_mp=Cidnb29nbGUubWFwcy5wbGFjZXMudjEuUGxhY2VzLlNlYXJjaFRleHQQAhgEIAA
C & H Custom Paint & Body Shop,(904) 353-5080,https://maps.google.com/?cid=4346637050521093056&g_mp=Cidnb29nbGUubWFwcy5wbGFjZXMudjEuUGxhY2VzLlNlYXJjaFRleHQQAhgEIAA
A Solar Security Window Tinting,(904) 710-8183,https://maps.google.com/?cid=17029092911943147911&g_mp=Cidnb29nbGUubWFwcy5wbGFjZXMudjEuUGxhY2VzLlNlYXJjaFRleHQQAhgEIAA
Ray's Tinting,(904) 981-0060,https://maps.google.com/?cid=6141118298443356260&g_mp=Cidnb29nbGUubWFwcy5wbGFjZXMudjEuUGxhY2VzLlNlYXJjaFRleHQQAhgEIAA
Tint Shop,(904) 241-6553,https://maps.google.com/?cid=17838685012270904701&g_mp=Cidnb29nbGUubWFwcy5wbGFjZXMudjEuUGxhY2VzLlNlYXJjaFRleHQQAhgEIAA
Fast Window Tint,(904) 923-8208,https://maps.google.com/?cid=8421280575280612010&g_mp=Cidnb29nbGUubWFwcy5wbGFjZXMudjEuUGxhY2VzLlNlYXJjaFRleHQQAhgEIAA
crazy panda tint shop,(904) 303-2555,https://maps.google.com/?cid=15256970082582911961&g_mp=Cidnb29nbGUubWFwcy5wbGFjZXMudjEuUGxhY2VzLlNlYXJjaFRleHQQAhgEIAA
A Purvis Survis,(904) 721-7040,https://maps.google.com/?cid=1422462881104562343&g_mp=Cidnb29nbGUubWFwcy5wbGFjZXMudjEuUGxhY2VzLlNlYXJjaFRleHQQAhgEIAA
Top End Window Tinting,(904) 955-7775,https://maps.google.com/?cid=13803739231301102957&g_mp=Cidnb29nbGUubWFwcy5wbGFjZXMudjEuUGxhY2VzLlNlYXJjaFRleHQQAhgEIAA
Evolution Tint,(904) 434-5688,https://maps.google.com/?cid=7003960074804596039&g_mp=Cidnb29nbGUubWFwcy5wbGFjZXMudjEuUGxhY2VzLlNlYXJjaFRleHQQAhgEIAA
Pro Window Tint,(904) 759-1873,https://maps.google.com/?cid=7903402520553649450&g_mp=Cidnb29nbGUubWFwcy5wbGFjZXMudjEuUGxhY2VzLlNlYXJjaFRleHQQAhgEIAA
PS Wraps,(904) 402-0818,https://maps.google.com/?cid=14379800140939624349&g_mp=Cidnb29nbGUubWFwcy5wbGFjZXMudjEuUGxhY2VzLlNlYXJjaFRleHQQAhgEIAA
"A Shade Above Films - Vehicle Tint, Vinyl and Paint Protection Film",(904) 563-6068,https://maps.google.com/?cid=8919913913894969926&g_mp=Cidnb29nbGUubWFwcy5wbGFjZXMudjEuUGxhY2VzLlNlYXJjaFRleHQQAhgEIAA
